sample	weighted_NSTI
13414.1.gill.R1.fastq.gz	0.07815581247880084
13414.1.hg.R1.fastq.gz	0.2099894576766341
13414.1.midgut.R1.fastq.gz	0.049032509471025686
13414.1.skin.R1.fastq.gz	0.13590950036740868
13414.10.gill.R1.fastq.gz	0.12014642269905294
13414.10.hg.R1.fastq.gz	0.1426133323321972
13414.10.midgut.R1.fastq.gz	0.25843507891908835
13414.10.skin.R1.fastq.gz	0.08073963722672861
13414.100.g.R1.fastq.gz	0.14100096266334786
13414.100.hg.R1.fastq.gz	0.35059125616641906
13414.100.midg.R1.fastq.gz	0.18754584937940288
13414.100.s.R1.fastq.gz	0.14365499434069043
13414.101.g.R1.fastq.gz	0.24535924914675766
13414.101.hg.R1.fastq.gz	0.06395739104161946
13414.101.midg.R1.fastq.gz	0.1650546100298338
13414.101.s.R1.fastq.gz	0.03223452182982576
13414.102.g.R1.fastq.gz	0.149836
13414.102.hg.R1.fastq.gz	0.028367583516947164
13414.102.midg.R1.fastq.gz	0.03935189206935655
13414.102.s.R1.fastq.gz	0.08832821977604859
13414.103.g.R1.fastq.gz	0.08732410910138247
13414.103.hg.R1.fastq.gz	0.035034705779334506
13414.103.midg.R1.fastq.gz	0.019980078840970347
13414.103.s.R1.fastq.gz	0.10309708515080176
13414.11.gill.R1.fastq.gz	0.0904711384195529
13414.11.hg.R1.fastq.gz	0.16288942028985506
13414.11.midgut.R1.fastq.gz	0.03794328145752565
13414.11.skin.R1.fastq.gz	0.043714026763966275
13414.12.gill.R1.fastq.gz	0.054594351429575666
13414.12.hg.R1.fastq.gz	0.14701032228064162
13414.12.midgut.R1.fastq.gz	0.009841442155309034
13414.12.skin.R1.fastq.gz	0.014851159162373718
13414.13.gill.R1.fastq.gz	0.4044144567273083
13414.13.hg.R1.fastq.gz	0.19181717698195971
13414.13.midgut.R1.fastq.gz	0.0374816362225097
13414.13.skin.R1.fastq.gz	0.12026214692579398
13414.14.gill.R1.fastq.gz	0.33654397968425864
13414.14.hg.R1.fastq.gz	0.10580548707756364
13414.14.midgut.R1.fastq.gz	0.09553793549407948
13414.14.skin.R1.fastq.gz	0.14311077163561076
13414.15.gill.R1.fastq.gz	0.351213649569045
13414.15.hg.R1.fastq.gz	0.14884242566760433
13414.15.midgut.R1.fastq.gz	0.10781533769868783
13414.15.skin.R1.fastq.gz	0.20987614873855545
13414.16.gill.R1.fastq.gz	0.31966914276915226
13414.16.hg.R1.fastq.gz	0.5473316164419565
13414.16.midgut.R1.fastq.gz	0.11599256562291593
13414.16.skin.R1.fastq.gz	0.18323587044963593
13414.17.gill.R1.fastq.gz	0.03069395409775243
13414.17.hg.R1.fastq.gz	0.1503440327540107
13414.17.midgut.R1.fastq.gz	0.06401605087618346
13414.17.skin.R1.fastq.gz	0.02975511886578761
13414.18.gill.R1.fastq.gz	0.14133922428393883
13414.18.hg.R1.fastq.gz	0.17877952577319586
13414.18.midgut.R1.fastq.gz	0.033726227157086085
13414.18.skin.R1.fastq.gz	0.028752738885626905
13414.19.gill.R1.fastq.gz	0.5074883072481076
13414.19.hg.R1.fastq.gz	0.5102738843809146
13414.19.midgut.R1.fastq.gz	0.03560456190890315
13414.19.skin.R1.fastq.gz	0.036718086495557495
13414.2.gill.R1.fastq.gz	0.17034829365948262
13414.2.hg.R1.fastq.gz	0.29025135714285716
13414.2.midgut.R1.fastq.gz	0.08889460696803253
13414.2.skin.R1.fastq.gz	0.04574012209046991
13414.20.gill.R1.fastq.gz	0.061385233723602155
13414.20.hg.R1.fastq.gz	0.08099535563596422
13414.20.midgut.R1.fastq.gz	0.04980950943526329
13414.20.skin.R1.fastq.gz	0.029556099085492015
13414.20201103.SjapGill.L.skin.R1.fastq.gz	0.103855
13414.20201103.SjapGill.L1.bot.1.R1.fastq.gz	0.057163107828655836
13414.20201103.SjapGill.L1.bot.2.R1.fastq.gz	0.167964
13414.20201103.SjapGill.L1.leading.R1.fastq.gz	0.19422885183508343
13414.20201103.SjapGill.L1.mid.1.R1.fastq.gz	0.03744323478957559
13414.20201103.SjapGill.L1.mid.2.R1.fastq.gz	0.21683345781762223
13414.20201103.SjapGill.L1.mid.3.R1.fastq.gz	0.18037529189508011
13414.20201103.SjapGill.L1.top.1.R1.fastq.gz	0.06628221061264018
13414.20201103.SjapGill.L1.top.2.R1.fastq.gz	0.17452562913121855
13414.20201103.SjapGill.L1.top.3.R1.fastq.gz	0.105021
13414.20201103.SjapGill.L1.trailing.R1.fastq.gz	0.19853621427371754
13414.20201103.SjapGill.L2.bot.1.R1.fastq.gz	0.10638665513847884
13414.20201103.SjapGill.L2.bot.2.R1.fastq.gz	0.15714697321619886
13414.20201103.SjapGill.L2.bot.3.R1.fastq.gz	0.1845469360392421
13414.20201103.SjapGill.L2.leading.R1.fastq.gz	0.0
13414.20201103.SjapGill.L2.mid.1.R1.fastq.gz	0.1519666831009799
13414.20201103.SjapGill.L2.mid.2.R1.fastq.gz	0.25194477773693563
13414.20201103.SjapGill.L2.mid.3.R1.fastq.gz	0.22137589473684213
13414.20201103.SjapGill.L2.top.1.R1.fastq.gz	0.1109096831174347
13414.20201103.SjapGill.L2.top.2.R1.fastq.gz	0.11636273407314682
13414.20201103.SjapGill.L2.trailing.R1.fastq.gz	0.20142368788186915
13414.20201103.SjapGill.L3.bot.1.R1.fastq.gz	0.065968688591692
13414.20201103.SjapGill.L3.bot.2.R1.fastq.gz	0.12621980593783363
13414.20201103.SjapGill.L3.bot.3.R1.fastq.gz	0.12199392138142086
13414.20201103.SjapGill.L3.leading.R1.fastq.gz	0.14514448437709535
13414.20201103.SjapGill.L3.mid.1.R1.fastq.gz	0.1280103023601056
13414.20201103.SjapGill.L3.mid.2.R1.fastq.gz	0.1299426078849648
13414.20201103.SjapGill.L3.mid.3.R1.fastq.gz	0.12685490379430525
13414.20201103.SjapGill.L3.top.1.R1.fastq.gz	0.11497813825522449
13414.20201103.SjapGill.L3.top.2.R1.fastq.gz	0.125697
13414.20201103.SjapGill.L3.top.3.R1.fastq.gz	0.20336549667726087
13414.20201103.SjapGill.L3.trailing.R1.fastq.gz	0.18135810391229307
13414.20201103.SjapGill.L4.bot.2.R1.fastq.gz	0.1713108248252252
13414.20201103.SjapGill.L4.mid.3.R1.fastq.gz	0.11552381739682276
13414.20201103.SjapGill.L4.top.2.R1.fastq.gz	0.415358
13414.20201103.SjapGill.R1.bot.1.R1.fastq.gz	0.07581291625057486
13414.20201103.SjapGill.R1.bot.2.R1.fastq.gz	0.18860958813057863
13414.20201103.SjapGill.R1.bot.3.R1.fastq.gz	0.2115131949263809
13414.20201103.SjapGill.R1.leading.R1.fastq.gz	0.086842
13414.20201103.SjapGill.R1.mid.1.R1.fastq.gz	0.02827536341563716
13414.20201103.SjapGill.R1.trailing.R1.fastq.gz	0.216000052728565
13414.20201103.SjapGill.R2.bot.1.R1.fastq.gz	0.04212310434020166
13414.20201103.SjapGill.R2.bot.2.R1.fastq.gz	0.15843438731708778
13414.20201103.SjapGill.R2.bot.3.R1.fastq.gz	0.16349848926415425
13414.20201103.SjapGill.R2.leading.R1.fastq.gz	0.1504036075313283
13414.20201103.SjapGill.R2.mid.1.R1.fastq.gz	0.060380792591706714
13414.20201103.SjapGill.R2.mid.2.R1.fastq.gz	0.165095063433462
13414.20201103.SjapGill.R2.mid.3.R1.fastq.gz	0.3313366991488112
13414.20201103.SjapGill.R2.top.1.R1.fastq.gz	0.10865406223112732
13414.20201103.SjapGill.R2.trailing.R1.fastq.gz	0.21368947129874388
13414.20201103.SjapGill.R3.bot.1.R1.fastq.gz	0.07167901649801386
13414.20201103.SjapGill.R3.bot.2.R1.fastq.gz	0.13742335195303296
13414.20201103.SjapGill.R3.bot.3.R1.fastq.gz	0.25870888208136217
13414.20201103.SjapGill.R3.leading.R1.fastq.gz	0.35666677152498855
13414.20201103.SjapGill.R3.mid.1.R1.fastq.gz	0.19420858548442427
13414.20201103.SjapGill.R3.mid.2.R1.fastq.gz	0.24155569801911356
13414.20201103.SjapGill.R3.mid.3.R1.fastq.gz	0.09177506171520171
13414.20201103.SjapGill.R3.top.1.R1.fastq.gz	0.18351722302403545
13414.20201103.SjapGill.R3.top.2.R1.fastq.gz	0.20977669705052576
13414.20201103.SjapGill.R3.trailing.R1.fastq.gz	0.3410562023168352
13414.20201103.SjapGill.R4.bot.2.R1.fastq.gz	0.1564993919108314
13414.20201103.SjapGill.R4.bot.3.R1.fastq.gz	0.197503582082814
13414.20201103.SjapGill.R4.mid.2.R1.fastq.gz	0.18471637377811576
13414.20201103.SjapGill.R4.mid.3.R1.fastq.gz	0.243762883167092
13414.20201103.SjapGill.R4.top.2.R1.fastq.gz	0.19839609266649097
13414.20201103.SjapGill.R4.top.3.R1.fastq.gz	0.2280980958029197
13414.21.gill.R1.fastq.gz	0.16732252961624972
13414.21.hg.R1.fastq.gz	0.38907955639097747
13414.21.midgut.R1.fastq.gz	0.060596525925925925
13414.21.skin.R1.fastq.gz	0.2513768002860584
13414.22.gill.R1.fastq.gz	0.13288938675782308
13414.22.hg.R1.fastq.gz	0.2467872389028546
13414.22.midgut.R1.fastq.gz	0.07147218187777137
13414.22.skin.R1.fastq.gz	0.11797794232836738
13414.23.gill.R1.fastq.gz	0.32877955663716896
13414.23.hg.R1.fastq.gz	0.3182948602886001
13414.23.midgut.R1.fastq.gz	0.00015
13414.23.skin.R1.fastq.gz	0.19290204601492325
13414.24.gill.R1.fastq.gz	0.1808514694252613
13414.24.hg.R1.fastq.gz	0.19994620285165338
13414.24.midgut.R1.fastq.gz	0.2043578802777154
13414.24.skin.R1.fastq.gz	0.17340496254742996
13414.25.gill.R1.fastq.gz	0.08348602278316875
13414.25.hg.R1.fastq.gz	0.05359889532710281
13414.25.midgut.R1.fastq.gz	0.07654400051324814
13414.25.skin.R1.fastq.gz	0.028092366901002204
13414.26.gill.R1.fastq.gz	0.27683477718952537
13414.26.hg.R1.fastq.gz	0.24945990264465867
13414.26.midgut.R1.fastq.gz	0.140619966876703
13414.26.skin.R1.fastq.gz	0.12085160314793526
13414.27.gill.R1.fastq.gz	0.2182504228865874
13414.27.hg.R1.fastq.gz	0.2306805893344531
13414.27.midgut.R1.fastq.gz	0.16768172611765067
13414.27.skin.R1.fastq.gz	0.057014451674898076
13414.28.gill.R1.fastq.gz	0.06136152833333334
13414.28.hg.R1.fastq.gz	0.2115753452599155
13414.28.midgut.R1.fastq.gz	0.044377390715680295
13414.28.skin.R1.fastq.gz	0.27229239149586254
13414.29.gill.R1.fastq.gz	0.046339484849901955
13414.29.hg.R1.fastq.gz	0.3599643770739065
13414.29.midgut.R1.fastq.gz	0.10899691803724798
13414.29.skin.R1.fastq.gz	0.0798867403314917
13414.3.gill.R1.fastq.gz	0.016239449996091615
13414.3.hg.R1.fastq.gz	0.12414643832497116
13414.3.midgut.R1.fastq.gz	0.01903600182216326
13414.3.skin.R1.fastq.gz	0.02978468765904563
13414.30.gill.R1.fastq.gz	0.7132203822834211
13414.30.hg.R1.fastq.gz	0.1984795981218194
13414.30.midgut.R1.fastq.gz	0.05313310790403686
13414.30.skin.R1.fastq.gz	0.033352889367048194
13414.31.gill.R1.fastq.gz	0.2011681647521958
13414.31.hg.R1.fastq.gz	0.5375543135326787
13414.31.midgut.R1.fastq.gz	0.039993803769722495
13414.31.skin.R1.fastq.gz	0.32114643529590126
13414.32.gill.R1.fastq.gz	0.11701637962862653
13414.32.hg.R1.fastq.gz	0.13301082999890676
13414.32.midgut.R1.fastq.gz	0.07042081501621408
13414.32.skin.R1.fastq.gz	0.03802284489593657
13414.33.gill.R1.fastq.gz	0.24394779136063033
13414.33.hg.R1.fastq.gz	0.04117612249150623
13414.33.midgut.R1.fastq.gz	0.18113469494894185
13414.33.skin.R1.fastq.gz	0.09397332451390464
13414.34.gill.R1.fastq.gz	0.08362997622677434
13414.34.hg.R1.fastq.gz	0.08231413522152141
13414.34.midgut.R1.fastq.gz	0.23225436163995625
13414.34.skin.R1.fastq.gz	0.0994474281082605
13414.35.gill.R1.fastq.gz	0.03682493433920089
13414.35.hg.R1.fastq.gz	0.39540696575040574
13414.35.midgut.R1.fastq.gz	0.04717153016184404
13414.35.skin.R1.fastq.gz	0.1793905228926019
13414.36.gill.R1.fastq.gz	0.048378323306192204
13414.36.hg.R1.fastq.gz	0.21740443436710447
13414.36.midgut.R1.fastq.gz	0.11349872937224732
13414.36.skin.R1.fastq.gz	0.05125688888888889
13414.37.gill.R1.fastq.gz	0.10269649593346787
13414.37.hg.R1.fastq.gz	0.09484386579810823
13414.37.midgut.R1.fastq.gz	0.07671936622174248
13414.37.skin.R1.fastq.gz	0.08428442860616377
13414.38.gill.R1.fastq.gz	0.028385047167689487
13414.38.hg.R1.fastq.gz	0.2929005136287081
13414.38.midgut.R1.fastq.gz	0.03183534333525678
13414.38.skin.R1.fastq.gz	0.0
13414.39.gill.R1.fastq.gz	0.015744864324269626
13414.39.hg.R1.fastq.gz	0.017565752460324498
13414.39.midgut.R1.fastq.gz	0.027884790367938752
13414.39.skin.R1.fastq.gz	0.0519516271343651
13414.4.gill.R1.fastq.gz	0.015263927960463792
13414.4.hg.R1.fastq.gz	0.3079601445903634
13414.4.midgut.R1.fastq.gz	0.013036908475235866
13414.4.skin.R1.fastq.gz	0.18480908878504673
13414.40.gill.R1.fastq.gz	0.16504787228411216
13414.40.hg.R1.fastq.gz	0.1462126372545874
13414.40.midgut.R1.fastq.gz	0.14364566541902926
13414.40.skin.R1.fastq.gz	0.0656223810385932
13414.41.gill.R1.fastq.gz	0.02690196499374917
13414.41.hg.R1.fastq.gz	0.056260863369656335
13414.41.midgut.R1.fastq.gz	0.14323155452397696
13414.41.skin.R1.fastq.gz	0.05669490129021233
13414.42.gill.R1.fastq.gz	0.023764493390457858
13414.42.hg.R1.fastq.gz	0.023320920215678
13414.42.midgut.R1.fastq.gz	0.05067680051046521
13414.42.skin.R1.fastq.gz	0.037178431038011155
13414.43.gill.R1.fastq.gz	0.11908766020937551
13414.43.hg.R1.fastq.gz	0.4859390961413067
13414.43.midgut.R1.fastq.gz	0.1078916226497635
13414.43.skin.R1.fastq.gz	0.19760808984417905
13414.44.gill.R1.fastq.gz	0.14870979254275302
13414.44.hg.R1.fastq.gz	0.1372273672955975
13414.44.midgut.R1.fastq.gz	0.1660593364945254
13414.44.skin.R1.fastq.gz	0.1174609408945687
13414.45.gill.R1.fastq.gz	0.02114541233578268
13414.45.hg.R1.fastq.gz	0.021062027389227935
13414.45.midgut.R1.fastq.gz	0.10038503020370027
13414.45.skin.R1.fastq.gz	0.0980976835707971
13414.46.gill.R1.fastq.gz	0.41529998702583587
13414.46.hg.R1.fastq.gz	0.0858426995515695
13414.46.midgut.R1.fastq.gz	0.1024852224502238
13414.46.skin.R1.fastq.gz	0.047795542497555646
13414.47.gill.R1.fastq.gz	0.29042796971414525
13414.47.hg.R1.fastq.gz	0.3795085099493394
13414.47.midgut.R1.fastq.gz	0.14473540314265934
13414.47.skin.R1.fastq.gz	0.14210815041189243
13414.48.gill.R1.fastq.gz	0.15861814089256998
13414.48.hg.R1.fastq.gz	0.005662419347037484
13414.48.midgut.R1.fastq.gz	0.10422894488303915
13414.48.skin.R1.fastq.gz	0.20666389857921022
13414.49.gill.R1.fastq.gz	0.20092527989888045
13414.49.hg.R1.fastq.gz	0.13919563134444551
13414.49.midgut.R1.fastq.gz	0.027093150685370434
13414.49.skin.R1.fastq.gz	0.09961919608102063
13414.5.gill.R1.fastq.gz	0.037559688693757996
13414.5.hg.R1.fastq.gz	0.08430944695700726
13414.5.midgut.R1.fastq.gz	0.058555966198215126
13414.5.skin.R1.fastq.gz	0.021765738900008453
13414.50.gill.R1.fastq.gz	0.07528753603530977
13414.50.hg.R1.fastq.gz	0.043415425953388646
13414.50.midgut.R1.fastq.gz	0.020378415909324363
13414.50.skin.R1.fastq.gz	0.0807378024691358
13414.51.gill.R1.fastq.gz	0.3538151908087762
13414.51.hg.R1.fastq.gz	0.11838569111398606
13414.51.midgut.R1.fastq.gz	0.13418673633524497
13414.51.skin.R1.fastq.gz	0.18482165353224966
13414.52.gill.R1.fastq.gz	0.0534288980684794
13414.52.hg.R1.fastq.gz	0.17497240988406698
13414.52.midgut.R1.fastq.gz	0.14932921346274397
13414.52.skin.R1.fastq.gz	0.05775824956168912
13414.53.gill.R1.fastq.gz	0.15842081619663662
13414.53.hg.R1.fastq.gz	0.4078463846812634
13414.53.midgut.R1.fastq.gz	0.043419488400445044
13414.53.skin.R1.fastq.gz	0.15754230727626486
13414.54.gill.R1.fastq.gz	0.20136950520911714
13414.54.hg.R1.fastq.gz	0.01366292816605213
13414.54.midgut.R1.fastq.gz	0.011618262304739075
13414.54.skin.R1.fastq.gz	0.0926347590812026
13414.55.gill.R1.fastq.gz	0.22435563216395765
13414.55.hg.R1.fastq.gz	0.22147437214150859
13414.55.midgut.R1.fastq.gz	0.27027451465621993
13414.55.skin.R1.fastq.gz	0.05419987049777419
13414.58.gill.R1.fastq.gz	0.15140171315570355
13414.58.hg.R1.fastq.gz	0.13149981853931295
13414.58.midgut.R1.fastq.gz	0.06076495467796778
13414.58.skin.R1.fastq.gz	0.5110612935073628
13414.59.gill.R1.fastq.gz	0.08629022253267148
13414.59.hg.R1.fastq.gz	0.08082809228881548
13414.59.midgut.R1.fastq.gz	0.04477613762040309
13414.59.skin.R1.fastq.gz	0.06798876335877863
13414.6.gill.R1.fastq.gz	0.0196088137188054
13414.6.hg.R1.fastq.gz	0.13091717697163374
13414.6.midgut.R1.fastq.gz	0.013698180254984598
13414.6.skin.R1.fastq.gz	0.01576591441241685
13414.60.gill.R1.fastq.gz	0.12081446075810957
13414.60.hg.R1.fastq.gz	0.12173405327912169
13414.60.midgut.R1.fastq.gz	0.19365501953452655
13414.60.skin.R1.fastq.gz	0.06784361815296461
13414.61.gill.R1.fastq.gz	0.1434121584416788
13414.61.hg.R1.fastq.gz	0.023717551574308854
13414.61.midgut.R1.fastq.gz	0.044053891615369184
13414.61.skin.R1.fastq.gz	0.034431766995432586
13414.62.gill.R1.fastq.gz	0.09853211865361096
13414.62.hg.R1.fastq.gz	0.11347691654183606
13414.62.midgut.R1.fastq.gz	0.14500285032909854
13414.62.skin.R1.fastq.gz	0.09631644691900076
13414.63.gill.R1.fastq.gz	0.08332901341594828
13414.63.hg.R1.fastq.gz	0.09081170714065864
13414.63.midgut.R1.fastq.gz	0.1351818526744075
13414.63.skin.R1.fastq.gz	0.1549268195598473
13414.64.gill.R1.fastq.gz	0.23205473282046024
13414.64.hg.R1.fastq.gz	0.06802333183856503
13414.64.midgut.R1.fastq.gz	0.21992985316872143
13414.64.skin.R1.fastq.gz	0.04320679058064517
13414.65.gill.R1.fastq.gz	0.25890916169208283
13414.65.hg.R1.fastq.gz	0.15154599597124577
13414.65.midgut.R1.fastq.gz	0.14731151204142418
13414.65.skin.R1.fastq.gz	0.14435640534596514
13414.66.gill.R1.fastq.gz	0.23368824874067332
13414.66.hg.R1.fastq.gz	0.22693761708722945
13414.66.midgut.R1.fastq.gz	0.14318593006801617
13414.66.skin.R1.fastq.gz	0.16552363584752636
13414.67.gill.R1.fastq.gz	0.014975040475678774
13414.67.hg.R1.fastq.gz	0.13895902796670112
13414.67.midgut.R1.fastq.gz	0.11581617462746337
13414.67.skin.R1.fastq.gz	0.11869137456378767
13414.68.gill.R1.fastq.gz	0.052003917674565435
13414.68.hg.R1.fastq.gz	0.10870449149099574
13414.68.midgut.R1.fastq.gz	0.24174631990549592
13414.68.skin.R1.fastq.gz	0.14743226655007297
13414.69.gill.R1.fastq.gz	0.07026776598865074
13414.69.hg.R1.fastq.gz	0.14148358580096745
13414.69.midgut.R1.fastq.gz	0.13326208279873036
13414.69.skin.R1.fastq.gz	0.07950886652281135
13414.7.gill.R1.fastq.gz	0.10239620373451931
13414.7.hg.R1.fastq.gz	0.33054870813983966
13414.7.midgut.R1.fastq.gz	0.11397432458115228
13414.7.skin.R1.fastq.gz	0.0438746150818499
13414.70.gill.R1.fastq.gz	0.03189390023172793
13414.70.midgut.R1.fastq.gz	0.04819059066088543
13414.70.skin.R1.fastq.gz	0.09591577000676518
13414.71.gill.R1.fastq.gz	0.121209259592464
13414.71.hg.R1.fastq.gz	0.17369446391004598
13414.71.midgut.R1.fastq.gz	0.03977161212869631
13414.71.skin.R1.fastq.gz	0.2392593569682735
13414.72.gill.R1.fastq.gz	0.04015130015238981
13414.72.hg.R1.fastq.gz	0.035461578440786
13414.72.midgut.R1.fastq.gz	0.1036725366080934
13414.72.skin.R1.fastq.gz	0.07568054893231878
13414.73.gill.R1.fastq.gz	0.1775764921079269
13414.73.hg.R1.fastq.gz	0.00834927517972282
13414.73.midgut.R1.fastq.gz	0.06348836254747298
13414.73.skin.R1.fastq.gz	0.1866601995490827
13414.74.gill.R1.fastq.gz	0.2630101411616714
13414.74.hg.R1.fastq.gz	0.10849969699903195
13414.74.midgut.R1.fastq.gz	0.10730467396553925
13414.74.skin.R1.fastq.gz	0.08300595628083798
13414.75.gill.R1.fastq.gz	0.1697871427481003
13414.75.hg.R1.fastq.gz	0.09815581613097764
13414.75.midgut.R1.fastq.gz	0.1276784966377367
13414.75.skin.R1.fastq.gz	0.12774225451117543
13414.76.gill.R1.fastq.gz	0.14772826035741793
13414.76.hg.R1.fastq.gz	0.14745692739198465
13414.76.midgut.R1.fastq.gz	0.15737376288372726
13414.76.skin.R1.fastq.gz	0.11394984247116044
13414.77.gill.R1.fastq.gz	0.09248294340568874
13414.77.hg.R1.fastq.gz	0.05074572161299178
13414.77.midgut.R1.fastq.gz	0.060652243886015554
13414.77.skin.R1.fastq.gz	0.049487029673735326
13414.78.gill.R1.fastq.gz	0.1961555377661897
13414.78.midgut.R1.fastq.gz	0.09122092950093383
13414.78.skin.R1.fastq.gz	0.3085354151691271
13414.79.gill.R1.fastq.gz	0.19134055767700872
13414.79.hg.R1.fastq.gz	0.05733599190760847
13414.79.midgut.R1.fastq.gz	0.02156067924380295
13414.79.skin.R1.fastq.gz	0.03818617919245656
13414.8.gill.R1.fastq.gz	0.10500566709783847
13414.8.hg.R1.fastq.gz	0.23205276289009497
13414.8.midgut.R1.fastq.gz	0.10368268999133447
13414.8.skin.R1.fastq.gz	0.05112505244669952
13414.80.gill.R1.fastq.gz	0.07380940800390434
13414.80.hg.R1.fastq.gz	0.10558605846846553
13414.80.midgut.R1.fastq.gz	0.06043070501539814
13414.80.skin.R1.fastq.gz	0.022509349050195582
13414.81.gill.R1.fastq.gz	0.004342689305912566
13414.81.hg.R1.fastq.gz	0.17544968124770388
13414.81.midgut.R1.fastq.gz	0.32069047512627813
13414.81.skin.R1.fastq.gz	0.014836338757608673
13414.82.gill.R1.fastq.gz	0.2608522265872561
13414.82.hg.R1.fastq.gz	0.1306163228032672
13414.82.midgut.R1.fastq.gz	0.14790647230014026
13414.82.skin.R1.fastq.gz	0.14208481302795622
13414.83.gill.R1.fastq.gz	0.0392619687869628
13414.83.hg.R1.fastq.gz	0.04964415886175219
13414.83.midgut.R1.fastq.gz	0.07157061084511368
13414.83.skin.R1.fastq.gz	0.021558768170805574
13414.84.gill.R1.fastq.gz	0.25569833146518806
13414.84.hg.R1.fastq.gz	0.35202478591868364
13414.84.midgut.R1.fastq.gz	0.11978088556308815
13414.84.skin.R1.fastq.gz	0.2589926197909223
13414.85.gill.R1.fastq.gz	0.1460562209145931
13414.85.hg.R1.fastq.gz	0.1443284811490126
13414.85.midgut.R1.fastq.gz	0.12908969884378907
13414.85.skin.R1.fastq.gz	0.12893663716350962
13414.86.gill.R1.fastq.gz	0.7084398322276496
13414.86.hg.R1.fastq.gz	0.16776464821227097
13414.86.midgut.R1.fastq.gz	0.26667247036534203
13414.86.skin.R1.fastq.gz	0.07077917188908928
13414.87.gill.R1.fastq.gz	0.007159701276783091
13414.87.midgut.R1.fastq.gz	0.05106568252268734
13414.87.skin.R1.fastq.gz	0.053555651904312884
13414.88.gill.R1.fastq.gz	0.05921479438992583
13414.88.hg.R1.fastq.gz	0.05244083528131958
13414.88.midgut.R1.fastq.gz	0.039015724269239146
13414.88.skin.R1.fastq.gz	0.03422816988119996
13414.89.g.R1.fastq.gz	0.07484278109415142
13414.89.midg.R1.fastq.gz	0.019535953386942893
13414.89.s.R1.fastq.gz	0.046343700937542455
13414.9.gill.R1.fastq.gz	0.2877067227618527
13414.9.hg.R1.fastq.gz	0.4223895950358597
13414.9.midgut.R1.fastq.gz	0.1007910001941823
13414.9.skin.R1.fastq.gz	0.018374295532646048
13414.90.g.R1.fastq.gz	0.11308439687970438
13414.90.hg.R1.fastq.gz	0.08962207711933053
13414.90.midg.R1.fastq.gz	0.20324199659786232
13414.90.s.R1.fastq.gz	0.11438288521793082
13414.91.g.R1.fastq.gz	0.07373815142464525
13414.91.hg.R1.fastq.gz	0.10940353324681745
13414.91.midg.R1.fastq.gz	0.030708090819445817
13414.91.s.R1.fastq.gz	0.050732851031625906
13414.92.g.R1.fastq.gz	0.10020727445531272
13414.92.hg.R1.fastq.gz	0.015210520461095101
13414.92.s.R1.fastq.gz	0.038790916556280426
13414.93.g.R1.fastq.gz	0.10118202973410846
13414.93.hg.R1.fastq.gz	0.208755392802081
13414.93.midg.R1.fastq.gz	0.12733956019811274
13414.93.s.R1.fastq.gz	0.12483027557329958
13414.94.g.R1.fastq.gz	0.06889969607843137
13414.94.hg.R1.fastq.gz	0.009234841865756542
13414.94.midg.R1.fastq.gz	0.12537555818486837
13414.94.s.R1.fastq.gz	0.010633749769635957
13414.95.g.R1.fastq.gz	0.11803701434599156
13414.95.hg.R1.fastq.gz	0.0897807506352932
13414.95.midg.R1.fastq.gz	0.23250606428571433
13414.95.s.R1.fastq.gz	0.125027456539501
13414.96.g.R1.fastq.gz	0.08794769110865619
13414.96.hg.R1.fastq.gz	0.06405002798053527
13414.96.midg.R1.fastq.gz	0.07654877026659412
13414.96.s.R1.fastq.gz	0.20027400824103625
13414.97.g.R1.fastq.gz	0.13157375310880687
13414.97.hg.R1.fastq.gz	0.0042189731411432915
13414.97.midg.R1.fastq.gz	0.011455
13414.97.s.R1.fastq.gz	0.07925931524764152
13414.98.g.R1.fastq.gz	0.32086425
13414.98.hg.R1.fastq.gz	0.3202882631578947
13414.98.midg.R1.fastq.gz	0.06511446924060342
13414.98.s.R1.fastq.gz	0.026350584610399255
13414.99.g.R1.fastq.gz	0.06444068186884931
13414.99.hg.R1.fastq.gz	0.07019231988188977
13414.99.midg.R1.fastq.gz	0.030803876414777186
13414.99.s.R1.fastq.gz	0.13543564234594135
13414.A1.gill.R1.fastq.gz	0.03488817142030291
13414.A10.gill.R1.fastq.gz	0.1475734893455099
13414.A11.gill.R1.fastq.gz	0.17953953123730435
13414.A12.gill.R1.fastq.gz	0.07670118971113273
13414.A13.gill.R1.fastq.gz	0.06143300552818217
13414.A14.gill.R1.fastq.gz	0.13076869621914214
13414.A18.gill.R1.fastq.gz	0.031678927376685435
13414.A2.gill.R1.fastq.gz	0.0806332933241884
13414.A20.gill.R1.fastq.gz	0.7925506431248996
13414.A21.gill.R1.fastq.gz	0.03951339031803365
13414.A22.gill.R1.fastq.gz	0.04098639252336449
13414.A23.gill.R1.fastq.gz	0.2001122086993401
13414.A3.gill.R1.fastq.gz	0.021988855266244427
13414.A4.gill.R1.fastq.gz	0.10868735260185572
13414.A5.gill.R1.fastq.gz	0.06068100206949134
13414.A8.gill.R1.fastq.gz	0.10152318475608842
13414.A9.gill.R1.fastq.gz	0.0607378569448193
13414.SDsw.1.2018.1.r1.R1.fastq.gz	0.11008477625570774
13414.SDsw.1.2018.1.r2.R1.fastq.gz	0.1197942277741726
13414.SDsw.1.2018.10.r1.R1.fastq.gz	0.14031723820582076
13414.SDsw.1.2018.10.r2.R1.fastq.gz	0.1450258517130246
13414.SDsw.1.2018.11.r1.R1.fastq.gz	0.1443756536312849
13414.SDsw.1.2018.11.r2.R1.fastq.gz	0.12095106336088152
13414.SDsw.1.2018.12.r1.R1.fastq.gz	0.1338176476542558
13414.SDsw.1.2018.12.r2.R1.fastq.gz	0.14548245297649293
13414.SDsw.1.2018.13.r1.R1.fastq.gz	0.10532722530521642
13414.SDsw.1.2018.13.r2.R1.fastq.gz	0.12419378562995725
13414.SDsw.1.2018.14.r1.R1.fastq.gz	0.1421969126984127
13414.SDsw.1.2018.14.r2.R1.fastq.gz	0.14221991505216097
13414.SDsw.1.2018.15.r1.R1.fastq.gz	0.119445091954023
13414.SDsw.1.2018.15.r2.R1.fastq.gz	0.13254560427216647
13414.SDsw.1.2018.15.r3.R1.fastq.gz	0.10283915443900994
13414.SDsw.1.2018.15.r4.R1.fastq.gz	0.08808133217528104
13414.SDsw.1.2018.15.r5.R1.fastq.gz	0.09234408275862067
13414.SDsw.1.2018.15.r6.R1.fastq.gz	0.09975475696995094
13414.SDsw.1.2018.15.r7.R1.fastq.gz	0.16633395801946196
13414.SDsw.1.2018.15.r8.R1.fastq.gz	0.13252258673305892
13414.SDsw.1.2018.16.r1.R1.fastq.gz	0.1575229218890933
13414.SDsw.1.2018.16.r2.R1.fastq.gz	0.07142799432860716
13414.SDsw.1.2018.17.r1.R1.fastq.gz	0.14616605940495705
13414.SDsw.1.2018.17.r2.R1.fastq.gz	0.09195274386503069
13414.SDsw.1.2018.18.r1.R1.fastq.gz	0.09299119938414165
13414.SDsw.1.2018.18.r2.R1.fastq.gz	0.1031282010722692
13414.SDsw.1.2018.19.r1.R1.fastq.gz	0.050478450438300744
13414.SDsw.1.2018.19.r2.R1.fastq.gz	0.06131699792099791
13414.SDsw.1.2018.2.r1.R1.fastq.gz	0.11768821247413254
13414.SDsw.1.2018.2.r2.R1.fastq.gz	0.16550562828531387
13414.SDsw.1.2018.20.r1.R1.fastq.gz	0.07063244413062665
13414.SDsw.1.2018.20.r2.R1.fastq.gz	0.05206420318066157
13414.SDsw.1.2018.21.r1.R1.fastq.gz	0.06295119609462692
13414.SDsw.1.2018.21.r2.R1.fastq.gz	0.07410290439718042
13414.SDsw.1.2018.22.r1.R1.fastq.gz	0.10184185552304316
13414.SDsw.1.2018.22.r2.R1.fastq.gz	0.09313328337985761
13414.SDsw.1.2018.23.r1.R1.fastq.gz	0.10041409344115004
13414.SDsw.1.2018.23.r2.R1.fastq.gz	0.11073838834951458
13414.SDsw.1.2018.24.r1.R1.fastq.gz	0.1182917808988764
13414.SDsw.1.2018.24.r2.R1.fastq.gz	0.11443316841058855
13414.SDsw.1.2018.25.r1.R1.fastq.gz	0.10734625916555308
13414.SDsw.1.2018.25.r2.R1.fastq.gz	0.09714501976487495
13414.SDsw.1.2018.26.r1.R1.fastq.gz	0.11813605964753728
13414.SDsw.1.2018.26.r2.R1.fastq.gz	0.12341852950943881
13414.SDsw.1.2018.27.r1.R1.fastq.gz	0.1110564964260989
13414.SDsw.1.2018.27.r2.R1.fastq.gz	0.09952402397405159
13414.SDsw.1.2018.28.r1.R1.fastq.gz	0.11195648299258419
13414.SDsw.1.2018.28.r2.R1.fastq.gz	0.12809015236974186
13414.SDsw.1.2018.29.r1.R1.fastq.gz	0.1010954333942223
13414.SDsw.1.2018.29.r2.R1.fastq.gz	0.09495868471377128
13414.SDsw.1.2018.3.r1.R1.fastq.gz	0.11687146956703619
13414.SDsw.1.2018.3.r2.R1.fastq.gz	0.1620895426920445
13414.SDsw.1.2018.30.r1.R1.fastq.gz	0.09141458208379005
13414.SDsw.1.2018.30.r2.R1.fastq.gz	0.11751589856394966
13414.SDsw.1.2018.30.r3.R1.fastq.gz	0.14420941401273885
13414.SDsw.1.2018.30.r4.R1.fastq.gz	0.06590131004254636
13414.SDsw.1.2018.30.r5.R1.fastq.gz	0.08716445475968305
13414.SDsw.1.2018.30.r6.R1.fastq.gz	0.07871761709433875
13414.SDsw.1.2018.30.r7.R1.fastq.gz	0.09804460032631776
13414.SDsw.1.2018.30.r8.R1.fastq.gz	0.09522161160593791
13414.SDsw.1.2018.4.r1.R1.fastq.gz	0.11566213331203752
13414.SDsw.1.2018.4.r2.R1.fastq.gz	0.127003750223585
13414.SDsw.1.2018.5.r1.R1.fastq.gz	0.15878456224899598
13414.SDsw.1.2018.5.r2.R1.fastq.gz	0.13475089058152906
13414.SDsw.1.2018.6.r1.R1.fastq.gz	0.16870777119784658
13414.SDsw.1.2018.6.r2.R1.fastq.gz	0.14703959071117562
13414.SDsw.1.2018.7.r1.R1.fastq.gz	0.15901042224005707
13414.SDsw.1.2018.7.r2.R1.fastq.gz	0.13090474585784723
13414.SDsw.1.2018.8.r1.R1.fastq.gz	0.08600234193033766
13414.SDsw.1.2018.8.r2.R1.fastq.gz	0.16436069055563213
13414.SDsw.1.2018.8.r3.R1.fastq.gz	0.1570874604316547
13414.SDsw.1.2018.8.r4.R1.fastq.gz	0.12290317894496013
13414.SDsw.1.2018.8.r5.R1.fastq.gz	0.1664013556703453
13414.SDsw.1.2018.8.r6.R1.fastq.gz	0.11071601793904481
13414.SDsw.1.2018.8.r7.R1.fastq.gz	0.15551327057253855
13414.SDsw.1.2018.8.r8.R1.fastq.gz	0.16652906125809394
13414.SDsw.1.2018.9.r1.R1.fastq.gz	0.13253602553757057
13414.SDsw.1.2018.9.r2.R1.fastq.gz	0.15696566745144808
13414.SDsw.12.2017.1.r1.R1.fastq.gz	0.18809067226199291
13414.SDsw.12.2017.1.r2.R1.fastq.gz	0.14198215493731875
13414.SDsw.12.2017.10.r1.R1.fastq.gz	0.22061477592997808
13414.SDsw.12.2017.10.r2.R1.fastq.gz	0.15971847539907785
13414.SDsw.12.2017.11.r1.R1.fastq.gz	0.17801276853536613
13414.SDsw.12.2017.11.r2.R1.fastq.gz	0.1800816371031759
13414.SDsw.12.2017.12.r1.R1.fastq.gz	0.16105814343013894
13414.SDsw.12.2017.12.r2.R1.fastq.gz	0.19855196684350132
13414.SDsw.12.2017.13.r1.R1.fastq.gz	0.17356587110369504
13414.SDsw.12.2017.13.r2.R1.fastq.gz	0.17387725056160358
13414.SDsw.12.2017.14.r1.R1.fastq.gz	0.12860307113654945
13414.SDsw.12.2017.14.r2.R1.fastq.gz	0.19559122306206528
13414.SDsw.12.2017.15.r1.R1.fastq.gz	0.13781906786703602
13414.SDsw.12.2017.15.r2.R1.fastq.gz	0.1106496886930984
13414.SDsw.12.2017.15.r3.R1.fastq.gz	0.1614437741171917
13414.SDsw.12.2017.15.r4.R1.fastq.gz	0.13797474536296497
13414.SDsw.12.2017.15.r5.R1.fastq.gz	0.1688649740011212
13414.SDsw.12.2017.15.r6.R1.fastq.gz	0.14037836243321292
13414.SDsw.12.2017.15.r7.R1.fastq.gz	0.17120194242039966
13414.SDsw.12.2017.15.r8.R1.fastq.gz	0.20485777855969975
13414.SDsw.12.2017.16.r1.R1.fastq.gz	0.13085677438668794
13414.SDsw.12.2017.16.r2.R1.fastq.gz	0.15241175384678096
13414.SDsw.12.2017.17.r1.R1.fastq.gz	0.12718720032840722
13414.SDsw.12.2017.17.r2.R1.fastq.gz	0.08605647756874095
13414.SDsw.12.2017.18.r1.R1.fastq.gz	0.17839795227574015
13414.SDsw.12.2017.18.r2.R1.fastq.gz	0.15436648910298997
13414.SDsw.12.2017.19.r1.R1.fastq.gz	0.16625388498353183
13414.SDsw.12.2017.19.r2.R1.fastq.gz	0.12966983333333332
13414.SDsw.12.2017.2.r1.R1.fastq.gz	0.1862573479984386
13414.SDsw.12.2017.2.r2.R1.fastq.gz	0.18260137228420437
13414.SDsw.12.2017.20.r1.R1.fastq.gz	0.16267480076596297
13414.SDsw.12.2017.20.r2.R1.fastq.gz	0.22581979910714287
13414.SDsw.12.2017.21.r1.R1.fastq.gz	0.1466360595363676
13414.SDsw.12.2017.21.r2.R1.fastq.gz	0.14533853825553858
13414.SDsw.12.2017.22.r1.R1.fastq.gz	0.1484899796618426
13414.SDsw.12.2017.22.r2.R1.fastq.gz	0.19001301614142965
13414.SDsw.12.2017.23.r1.R1.fastq.gz	0.10184780473372781
13414.SDsw.12.2017.23.r2.R1.fastq.gz	0.14097192447129908
13414.SDsw.12.2017.24.r1.R1.fastq.gz	0.10859850416718497
13414.SDsw.12.2017.24.r2.R1.fastq.gz	0.11249096190476192
13414.SDsw.12.2017.25.r1.R1.fastq.gz	0.1209463042436277
13414.SDsw.12.2017.25.r2.R1.fastq.gz	0.03825298684210526
13414.SDsw.12.2017.26.r1.R1.fastq.gz	0.13145702510388285
13414.SDsw.12.2017.26.r2.R1.fastq.gz	0.13528318633376096
13414.SDsw.12.2017.27.r1.R1.fastq.gz	0.16209511721889136
13414.SDsw.12.2017.27.r2.R1.fastq.gz	0.09680504595185997
13414.SDsw.12.2017.28.r1.R1.fastq.gz	0.18788837168141592
13414.SDsw.12.2017.28.r2.R1.fastq.gz	0.16517580952380953
13414.SDsw.12.2017.29.r1.R1.fastq.gz	0.15830507308363753
13414.SDsw.12.2017.29.r2.R1.fastq.gz	0.10151967903149658
13414.SDsw.12.2017.3.r1.R1.fastq.gz	0.19605190497946537
13414.SDsw.12.2017.3.r2.R1.fastq.gz	0.21219394968497018
13414.SDsw.12.2017.30.r1.R1.fastq.gz	0.13429707752698725
13414.SDsw.12.2017.30.r2.R1.fastq.gz	0.11914671164021165
13414.SDsw.12.2017.30.r3.R1.fastq.gz	0.12523047699103373
13414.SDsw.12.2017.30.r4.R1.fastq.gz	0.14073419190968953
13414.SDsw.12.2017.30.r5.R1.fastq.gz	0.09500587599795406
13414.SDsw.12.2017.30.r6.R1.fastq.gz	0.09130217700837764
13414.SDsw.12.2017.30.r7.R1.fastq.gz	0.11519241983435402
13414.SDsw.12.2017.30.r8.R1.fastq.gz	0.14662264176138085
13414.SDsw.12.2017.4.r1.R1.fastq.gz	0.022875
13414.SDsw.12.2017.4.r2.R1.fastq.gz	0.20680673340983227
13414.SDsw.12.2017.5.r1.R1.fastq.gz	0.19225869434933485
13414.SDsw.12.2017.5.r2.R1.fastq.gz	0.08166407274308694
13414.SDsw.12.2017.6.r1.R1.fastq.gz	0.20889603768590267
13414.SDsw.12.2017.6.r2.R1.fastq.gz	0.17932950694058855
13414.SDsw.12.2017.7.r2.R1.fastq.gz	0.26262997516556286
13414.SDsw.12.2017.8.r1.R1.fastq.gz	0.1826700852486419
13414.SDsw.12.2017.8.r2.R1.fastq.gz	0.031791273880947095
13414.SDsw.12.2017.8.r3.R1.fastq.gz	0.184631511524499
13414.SDsw.12.2017.8.r4.R1.fastq.gz	0.1747788476530183
13414.SDsw.12.2017.8.r5.R1.fastq.gz	0.1825009765625
13414.SDsw.12.2017.8.r6.R1.fastq.gz	0.13994047637051038
13414.SDsw.12.2017.8.r7.R1.fastq.gz	0.20103772970479702
13414.SDsw.12.2017.8.r8.R1.fastq.gz	0.18021149105367795
13414.SDsw.12.2017.9.r1.R1.fastq.gz	0.16066568789551455
13414.SDsw.12.2017.9.r2.R1.fastq.gz	0.1731067192967021
