"common_name","sample_type","collection_date","conservation_status","depth_high_range_m","depth_low_range_m","Depth_m","Diet","dist_to_dorsal_cm","distance_from_shore_m","distance_from_shore_m_log","evo_distanceto_mackerel_median_mya","evo_timetree_species_name","fish_collection_method","fl_cm","gape_cm","gi_cm","hab_notes","habitat_depth_level2","host_body_mass_index","host_common_name","host_height","host_height_vs_max_height_tl","host_scientific_name","host_subject_id","host_taxid","host_weight","mass_g","max_age","max_kg_grams","max_length_cm","max_tl_cm","method_gear","month","number_db","p_family","p_genus","p_genus_species_alternative","p_order","ratio_dorsal_to_tl","ratio_gape_to_tl","ratio_gi_to_tl","sample_type_descriptive","SAMPLE_TYPE","substrata_collection","swim_mode","swim_performance","tl_cm","trophic","p_genus_species"
"longjaw mudsucker","gill",Black croaker,"LC","5","0","1","crustaceans_ worms","4.2","30","1.477121255","116","Gillichthys mirabilis","hook and line","12","2","13.4","mud, sandy bottom,","intertidal","0.891435185","longjaw mudsucker","12","57","Gillichthys mirabilis","FMP_100","8222","15.404","15.404","2","not applicable","21","21","rod and reel","8","334","Gobiidae","Gillichthys","Gillichthys mirabilis","Gobiiformes","0.35","0.166666667","1.116666667","gill tissue","fish gill","sandy mud bottom","Cottiform","accelerator","12","2","Gillichthys mirabilis"
"diamond turbot","gill",Black croaker,"LC","50","1","1","polychaetes_ bivalves","1","5","0.698970004","116","not applicable","hook and line","14.7","0.7","23","not applicable","neritic","1.389254855","diamond turbot","14.7","32","Hypsopsetta guttulata","FMP_101","320378","44.13","44.13","9","not applicable","45.7","46","rod and reel","8","284","Pleuronectidae","Hypsopsetta","Hypsopsetta guttulata","Pleuronectiformes","0.068027211","0.047619048","1.56462585","gill tissue","fish gill","sandy mud bottom","Plueronectiform","flow refuging","14.7","2","Hypsopsetta guttulata"
"Black croaker","gill",Black croaker,"DD","45","0","2","crabs","5","155","2.190331698","116","Cheilotrema saturnum","hook and line","18.8","1.6","21","not applicable","neritic","1.27625","Black croaker","20","44","Cheilotrema saturnum","FMP_102","320392","102.1","102.1","20","0.7","45","45","rod and reel","8","309","Sciaenidae","Cheilotrema","Cheilotrema saturnum","Perciformes","0.25","0.08","1.05","gill tissue","fish gill","rocky reef","Subcarangiform","generalist","20","2","Cheilotrema saturnum"
"Pacific chub mackerel","gill",Black croaker,"LC","300","0","1","copepods_ crustaceans_ squid","6.1","245","2.389166084","0","Scomber japonicus","hook and line","17.5","2.7","15.2","not applicable","neritic","0.754893424","Pacific chub mackerel","19.1","30","Scomber japonicus","FMP_103","13676","52.6","52.6","18","2.9","63.5","64","rod and reel","8","493","Scombridae","Scomber","Scomber japonicus","Scombriformes","0.319371728","0.141361257","0.795811518","gill tissue","fish gill","sandy bottom","Carangiform","crusier sprinter","19.1","2","Scomber japonicus"
"treefish","gill",Black croaker,"NE","90","5","30","fish_ crabs_ shrimp","7.8","2486","3.395501124","116","Sebastes serriceps","hook and line survey","29.8","5","39","reef, bottom, kelp","neritic","2.161460168","treefish","29.8","73","Sebastes serriceps","FMP_17","201707","572","572","25","not applicable","41","41","rod and reel","8","239","Sebastidae","Sebastes","Sebastes serriceps","Perciformes","0.261744966","0.167785235","1.308724832","gill tissue","fish gill","kelp forrest","Labriform","generalist","29.8","3","Sebastes serriceps"
"CA sheephead","gill",Black croaker,"VU","55","0","30","sea urchin_ mollusks_ lobsters_ crabs","12.5","2486","3.395501124","116","Semicossyphus pulcher","hook and line survey","41.5","not collected","not collected","not applicable","neritic","1.561326071","CA sheephead","44","48","Semicossyphus pulcher","FMP_18","241346","1330","1330","53","16","91","91","rod and reel","8","362","Labridae","Semicossyphus","Semicossyphus pulcher","Labriformes","0.284090909","not applicable","not applicable","gill tissue","fish gill","kelp forrest","Labriform","generalist","44","2","Semicossyphus pulcher"
"jack smelt","gill",Black croaker,"LC","30","0","5","zooplantkton_ algae","12.6","822","2.914871818","116","Atherinopsis californiensis","hook and line survey","23.4","1.7","30","bay, reef, pelagic","neritic","0.574741238","jack smelt","25.5","57","Atherinopsis californiensis","FMP_19","1311532","95.3","95.3","11","not applicable","48.6","45","rod and reel","1","224","Atherinopsidae","Atherinopsis","Atherinopsis californiensis","Atheriniformes","0.494117647","0.066666667","1.176470588","gill tissue","fish gill","kelp forrest","Subcarangiform","generalist","25.5","2","Atherinopsis californiensis"
"ocean whitefish","gill",Black croaker,"LC","91","10","10","digs into substrate for food (inverts?)","7.5","342","2.534026106","116","Caulolatilus princeps","hook and line","29.9","2.3","48","not applicable","neritic","1.170608161","ocean whitefish","31.9","31","Caulolatilus princeps","FMP_2","319437","380","380","not applicable","5.8","102","102","rod and reel","7","442","Malacanthidae","Caulolatilus","Caulolatilus princeps","Perciformes","0.235109718","0.072100313","1.504702194","gill tissue","fish gill","rocky reef","Subcarangiform","generalist","31.9","2","Caulolatilus princeps"
"Pacific jack mackerel","gill",Black croaker,"LC","400","0","5","crustaceans_ fish larvae","10.1","822","2.914871818","116","Trachurus symmetricus","hook and line survey","20.1","2.5","12.5","not applicable","neritic","0.724104016","Pacific jack mackerel","22.3","28","Trachurus symmetricus","FMP_20","271940","80.3","80.3","30","not applicable","81.3","81","rod and reel","1","292","Carangidae","Trachurus","Trachurus symmetricus","Carangiformes","0.452914798","0.112107623","0.560538117","gill tissue","fish gill","kelp forrest","Carangiform","crusier sprinter","22.3","2","Trachurus symmetricus"
"longfin sanddab","gill",Black croaker,"NE","201","2","35","bony fish_ worm_ crustacean","1","3210","3.506505032","116","Citharichthys arctifrons","hook and line survey","18","1.8","20.3","sandy bottom, muddy bottom","neritic","1.058682715","longfin sanddab","19.5","78","Citharichthys xanthostigma","FMP_26","195600","78.5","78.5","not applicable","not applicable","29","25","rod and reel","8","371","Paralichthyidae","Citharichthys","Citharichthys xanthostigma","Pleuronectiformes","0.051282051","0.092307692","1.041025641","gill tissue","fish gill","kelp forrest","Plueronectiform","flow refuging","19.5","3","Citharichthys xanthostigma"
"calico rockfish","gill",Black croaker,"DD","256","18","35","fish_ amphipods_ bivalves_ cephalopods_ shrimp_ copepods","5.2","3210","3.506505032","116","Sebastes dallii","hook and line survey","17.4","3.2","19","reef, hard bottom, sand reef interface","neritic","1.688834455","calico rockfish","18.3","73","Sebastes dallii","FMP_27","394690","103.5","103.5","12","not applicable","25.4","25","rod and reel","8","263","Sebastidae","Sebastes","Sebastes dallii","Perciformes","0.284153005","0.174863388","1.038251366","gill tissue","fish gill","kelp forrest","Labriform","generalist","18.3","3","Sebastes dallii"
"vermilion rockfish","gill",Black croaker,"NE","274","15","35","fish_ squid_ octopus_ shrimp","8.1","3210","3.506505032","116","Sebastes miniatus","hook and line survey","26.9","4.4","33.4","not applicable","neritic","1.483876784","vermilion rockfish","27.5","30","Sebastes miniatus","FMP_28","72087","308.6","308.6","60","6.8","76","91","rod and reel","8","219","Sebastidae","Sebastes","Sebastes miniatus","Perciformes","0.294545455","0.16","1.214545455","gill tissue","fish gill","kelp forrest","Labriform","generalist","27.5","3","Sebastes miniatus"
"half banded rockfish","gill",Black croaker,"not applicable","402","58","35","zooplankton_ amphipods_ crustaceans_ shrimp_","5.1","3210","3.506505032","116","Sebastes semicinctus","hook and line survey","16.2","2.5","15.7","muddy bottom, rocky reef, mid-depth reefs","neritic","0.930528979","half banded rockfish","17.7","71","Sebastes semicinctus","FMP_29","320568","51.6","51.6","15","not applicable","25","25","rod and reel","8","264","Sebastidae","Sebastes","Sebastes semicinctus","Perciformes","0.288135593","0.141242938","0.88700565","gill tissue","fish gill","kelp forrest","Labriform","generalist","17.7","2","Sebastes semicinctus"
"honeycomb rockfish","gill",Black croaker,"not applicable","119","30","30","small fish_ crabs_ shrimp","8.5","2486","3.395501124","116","Sebastes umbrosus","hook and line survey","28.3","6","32","rock reef, benthic","neritic","1.718414599","honeycomb rockfish","28.6","96","Sebastes umbrosus","FMP_3","72105","402","402","not applicable","0.57","30","29.8","rod and reel","8","277","Sebastidae","Sebastes","Sebastes umbrosus","Perciformes","0.297202797","0.20979021","1.118881119","gill tissue","fish gill","rocky reef","Labriform","generalist","28.6","3","Sebastes umbrosus"
"squarespot rockfish","gill",Black croaker,"NE","183","18","50","plankton_ copepods_ crab larvae","6.2","5280","3.722633923","116","Sebastes hopkinsi","hook and line","24","3.1","53","shallow, mid, deep reef","neritic","1.0848","squarespot rockfish","25","86","Sebastes hopkinsi","FMP_38","72080","169.5","169.5","19","not applicable","29","29","rod and reel","7","197","Sebastidae","Sebastes","Sebastes hopkinsi","Perciformes","0.248","0.124","2.12","gill tissue","fish gill","rocky reef","Labriform","generalist","25","2","Sebastes hopkinsi"
"greenspotted rockfish","gill",Black croaker,"not applicable","201","49","50","euphausids_ tunicates_ small fishes","7.4","4075","3.610127613","116","Sebastes chlorostictus","hook and line","24.5","4.5","31.5","caves, crevices, rock reef","neritic","1.442256203","greenspotted rockfish","24.5","49","Sebastes chlorostictus","FMP_39","72064","212.1","212.1","33","1","50","50","rod and reel","7","223","Sebastidae","Sebastes","Sebastes chlorostictus","Perciformes","0.302040816","0.183673469","1.285714286","gill tissue","fish gill","rocky reef","Labriform","generalist","24.5","3","Sebastes chlorostictus"
"starry rockfish","gill",Black croaker,"NE","274","24","30","small fish_ crabs_ shrimp","6","2486","3.395501124","116","Sebastes constellatus","hook and line survey","22.1","3.5","36","deep reefs","neritic","1.83437604","starry rockfish","22.1","48","Sebastes constellatus","FMP_4","72066","198","198","32","1","46","46","rod and reel","8","297","Sebastidae","Sebastes","Sebastes constellatus","Perciformes","0.271493213","0.158371041","1.628959276","gill tissue","fish gill","rocky reef","Labriform","generalist","22.1","3","Sebastes constellatus"
"California scorpionfish","gill",Black croaker,"DD","183","26","30","octopus_ crab_ small fish","4.5","2812","3.449015316","116","Scorpaena guttata","hook and line survey","17.9","2.5","23.5","rocky reef, kelp","neritic","1.708704577","California scorpionfish","17.9","42","Scorpaena guttata","FMP_41","72114","98","98","21","not applicable","57.9","43","rod and reel","8","301","Scorpaenidae","Scorpaena","Scorpaena guttata","Perciformes","0.251396648","0.139664804","1.312849162","gill tissue","fish gill","kelp forrest","Cottiform","accelerator","17.9","3","Scorpaena guttata"
"brown rockfish","gill",Black croaker,"DD","128","0","30","fish_ crab_ shrimp","6.3","3440","3.536558443","116","Sebastes auriculatus","hook and line survey","23.7","4","23.5","not applicable","neritic","1.472506092","brown rockfish","23.5","42","Sebastes auriculatus","FMP_42","72057","191.1","191.1","34","not applicable","56","56","rod and reel","8","272","Sebastidae","Sebastes","Sebastes auriculatus","Perciformes","0.268085106","0.170212766","1","gill tissue","fish gill","kelp forrest","Labriform","generalist","23.5","3","Sebastes auriculatus"
"gopher rockfish","gill",Black croaker,"NE","55","0","30","fish_ benthic crustaceans_ cephalopods","7","2486","3.395501124","116","Sebastes carnatus","hook and line survey","25.5","4.5","34.5","not applicable","neritic","1.905752689","gopher rockfish","25.5","65","Sebastes carnatus","FMP_5","72062","316","316","30","not applicable","43","39","rod and reel","8","257","Sebastidae","Sebastes","Sebastes carnatus","Perciformes","0.274509804","0.176470588","1.352941176","gill tissue","fish gill","rocky reef","Labriform","generalist","25.5","3","Sebastes carnatus"
"California lizardfish","gill",Black croaker,"LC","229","1","3","fish","11.4","78","1.892094603","154","Synodus foetens","hook and line","29.5","3.5","34.5","not applicable","neritic","0.540760471","California lizardfish","30.8","48","Synodus lucioceps","FMP_51","320415","158","158","not applicable","not applicable","63.9","64","rod and reel","5","233","Synodontidae","Synodus","Synodus lucioceps","Aulopiformes","0.37012987","0.113636364","1.12012987","gill tissue","fish gill","sandy mud bottom","Esociform","accelerator","30.8","4","Synodus lucioceps"
"bonito","gill",Black croaker,"LC","100","0","3","fish_ squids_ shrimp","9.5","245","2.389166084","52","Sarda chiliensis","hook and line","34.5","3.8","32","not applicable","neritic","1.112136488","bonito","36.5","36","Sarda chiliensis","FMP_58","8231","540.8","540.8","not applicable","11.3","122","102","rod and reel","9","492","Scombridae","Sarda","Sarda chiliensis","Scombriformes","0.260273973","0.104109589","0.876712329","gill tissue","fish gill","sandy bottom","Thunniform","crusier sprinter","36.5","3","Sarda chiliensis"
"South American pilchard","gill",Black croaker,"LC","200","0","3","planktonic crustaceans","5.8","245","2.389166084","224","Sardinops sagax","hook and line","13.3","2.1","16.7","not applicable","neritic","0.579493923","South American pilchard","15.6","39","Sardinops sagax","FMP_60","28381","22","22","25","0.486","41","39.5","rod and reel","10","321","Clupeidae","Sardinops","Sardinops sagax","Clupeiformes","0.371794872","0.134615385","1.070512821","gill tissue","fish gill","sandy bottom","Carangiform","crusier sprinter","15.6","2","Sardinops sagax"
"california butterfly ray","gill",Black croaker,"LC","94","1","1","bony fish_ crustacean","not collected","3","0.477121255","465","Gymnura","hook and line","23.4","1.4","20.2","mud, sand,","intertidal","2.676208298","california butterfly ray","23.4","23","Gymnura marmorata","FMP_67","86361","342.9","342.9","not applicable","not applicable","157","100","rod and reel","8","456","Gymnuridae","Gymnura","Gymnura marmorata","Myliobatiformes","not applicable","0.05982906","0.863247863","gill tissue","fish gill","sandy bottom (mud)","Rajiform","flow refuging","23.4","3","Gymnura marmorata"
"California moray","gill",Black croaker,"NE","40","1","1","crustaceans_ octopus_ fish","8.5","3","0.477121255","284","Gymnothorax kidako","hook and line","80","5","44.8","not applicable","neritic","0.25625","California moray","80","53","Gymnothorax mordax","FMP_68","875776","1312","1312","30","not applicable","152","152","rod and reel","8","288","Muraenidae","Gymnothorax","Gymnothorax mordax","Anguilliformes","0.10625","0.0625","0.56","gill tissue","fish gill","rocky reef (shallow)","Anguilliform","burrowing","80","3","Gymnothorax mordax"
"yellowtail amberjack","gill",Black croaker,"NE","825","3","10","fish_ squid_ crab_ crust","not collected","4970","3.696356389","116","Seriola dorsalis","hook and line survey","79","not collected","75","not applicable","neritic","#VALUE!","yellowtail amberjack","not collected","34","Seriola lalandi dorsalis","FMP_79","302047","6980","6980","12","96.8","150","250","rod and reel","8","172","Carangidae","Seriola","Seriola dorsalis","Carangiformes","not applicable","not applicable","0.872093023","gill tissue","fish gill","kelp forrest","Carangiform","crusier sprinter","86","3","Seriola dorsalis"
"pelagic ray","gill",Black croaker,"LC","381","1","3","coelenterates_ squid_ decapod crusta_ fish","not collected","4970","3.696356389","465","Pteroplatytrygon violacea","hook and line survey","not applicable","not collected","46","not applicable","neritic","#VALUE!","pelagic ray","not collected","85","Pteroplatytrygon violacea","FMP_80","651723","11470","11470","not applicable","not applicable","80","163","rod and reel","8","393","Dasyatidae","Dasyatis","Pteroplatytrygon violacea","Myliobatiformes","not applicable","not applicable","0.332850941","gill tissue","fish gill","kelp forrest","Rajiform","flow refuging","138.2","3","Pteroplatytrygon violacea"
"giant black seabass","gill",Black croaker,"CR","46","5","10","bony fish_ sharks_ rays_ crustacean","not collected","1533","3.185542155","116","Stereolepis gigas","hook and line","not collected","not collected","not collected","rocky reef, kelp bed","neritic","#VALUE!","giant black seabass","118","47","Stereolepis gigas","FMP_92","184449","not collected","not collected","100","255.6","270","250","rod and reel","7","176","Polyprionidae","Stereolepsis","Stereolepis gigas","Pempheriformes","not applicable","not applicable","not applicable","gill tissue","fish gill","kelp forrest","Labriform","generalist","118","4","Stereolepis gigas"
"yellowfin tuna","gill",Black croaker,"NT","250","0","1","fish_ squid_ crustraceans","not collected","110765","5.044402552","52","Thunnus albacares","hook and line","53.34","not collected","47","not applicable","neritic","2.625847024","yellowfin tuna","59.182","25","Thunnus albacares","FMP_94","8236","5443","5443","9","200","206","239","rod and reel","10","506","Scombridae","Thunnus","Thunnus albacares","Scombriformes","not applicable","not applicable","0.794160387","gill tissue","fish gill","pelagic","Thunniform","crusier sprinter","59.182","3","Thunnus albacares"
"arrow goby","gill",Black croaker,"NE","2","0","1","diatoms_ green algae_ tintinnids_ eggs","1.1","5","0.698970004","116","Gymnogobius urotaenia","hook and line","3.2","0.4","2","not applicable","intertidal","0.561523438","arrow goby","3.2","50","Clevelandia ios","FMP_95","185732","0.184","0.184","3","not applicable","6.7","6.4","rod and reel","8","325","Gobiidae","Clevelandia","Clevelandia ios","Gobiiformes","0.34375","0.125","0.625","gill tissue","fish gill","sandy mud bottom","Esociform","accelerator","3.2","2","Clevelandia ios"
"California killifish","gill",Black croaker,"NE","1","0.3","1","gastropods_ crustaceans_ bivalves_ worms_ microalgae","2.2","42","1.62324929","116","Fundulus parvipinnis","hook and line","4.7","0.3","4.2","bay estuary, benthopelagic","intertidal","1.292584495","California killifish","4.7","44","Fundulus parvipinnis","FMP_96","28757","1.342","1.342","3","not applicable","13.3","10.8","rod and reel","8","307","Fundulidae","Fundulus","Fundulus parvipinnis","Cyprinodontiformes","0.468085106","0.063829787","0.893617021","gill tissue","fish gill","sandy mud bottom","Esociform","accelerator","4.7","2","Fundulus parvipinnis"
"Dolphinfish","gill",Black croaker,"LC","85","0","3","fish_ squid_ zooplankton_ crustacean","6.2","15450","4.188928484","116","Coryphaena hippurus","hook and line","65","6.5","44","not applicable","neritic","0.714357963","Dolphinfish","78","37","Coryphaena hippurus","FMP_97","34814","3390","3390","4","40","210","210","rod and reel","8","495","Coryphaenidae","Coryphaena","Coryphaena hippurus","Carangiformes","0.079487179","0.083333333","0.564102564","gill tissue","fish gill","pelagic","Carangiform","crusier sprinter","78","3","Coryphaena hippurus"
"skipjack tuna","gill",Black croaker,"LC","260","0","3","fish_ cephalopods_ crustacea_ mollusks_ cannibalism","19.1","71737","4.855743211","52","not applicable","hook and line","60.2","6.4","31.5","not applicable","neritic","2.657315551","skipjack tuna","63.5","58","Katsuwonus pelamis","FMP_98","8226","6804","6804","12","34.5","108","110","rod and reel","8","443","Scombridae","Katsuwonus","Katsuwonus pelamis","Scombriformes","0.300787402","0.100787402","0.496062992","gill tissue","fish gill","pelagic","Thunniform","crusier sprinter","63.5","3","Katsuwonus pelamis"
"topsmelt silverside","gill",Black croaker,"LC","26","0","1","zooplankton_ algae_ fly larvae","7.3","30","1.477121255","116","Atherinops affinis","hook and line","11.5","0.6","17.4","not applicable","neritic","0.666833104","topsmelt silverside","12.4","34","Atherinops affinis","FMP_99","238741","12.714","12.714","9","not applicable","38.8","37","rod and reel","8","324","Atherinopsidae","Atherinops","Atherinops affinis","Atheriniformes","0.588709677","0.048387097","1.403225806","gill tissue","fish gill","sandy mud bottom","Subcarangiform","generalist","12.4","2","Atherinops affinis"
"summer flounder","gill",Black croaker,"LC","183","10","30","fish_ shrimp","3.81","12970","4.112939976","116","Paralichthys dentatus","hook and line","50.8","7.62","29.21","bays, sandy substrate, eelgrass","neritic","1.44570696","summer flounder","52.07","55","Paralichthys dentatus","FMP_104","66718","2041","2041","9","12","94","94","rod and reel","9","A1","Paralichthyidae","Paralichthys","Paralichthys dentatus","Pleuronectiformes","0.073170732","0.146341463","0.56097561","gill tissue","fish gill","sandy bottom","Pleuronectiform","flow refuging","52.07","3","Paralichthys dentatus"
"atlantic needlefish","gill",Black croaker,"LC","5","0","2","small fishes","not collected","3","0.477121255","116","Strongylura","hook and line","not collected","not applicable","not applicable","coastal areas, mangrove lagoons, reef","intertidal","#DIV/0!","atlantic needlefish","not collected","not collected","Strongylura marina","FMP_111","129068","not applicable","not applicable","not applicable","2.3","111","111","rod and reel","9","A10","Belonidae","Strongylura","Strongylura marina","Beloniformes","not applicable","not applicable","not applicable","gill tissue","fish gill","surface","Esociform","accelerator","not collected","3","Strongylura marina"
"blue runner","gill",Black croaker,"LC","100","0","38","fish_ shrimp_ inverts","6.1","42460","4.62797999","116","Caranx crysos","hook and line","20.3","2.2","15","juveniles; floating kelp","neritic","1.236473443","blue runner","23.7","59","Caranx crysos","FMP_114","173309","164.6","164.6","11","5.1","40","40","rod and reel","9","A13","Carangidae","Caranx","Caranx crysos","Carangiformes","0.257383966","0.092827004","0.632911392","gill tissue","fish gill","surface","Carangiform","crusier sprinter","23.7","3","Caranx crysos"
"dolphinfish","gill",Black croaker,"LC","10","5","38","fish_ zooplankton_ crustacean_ squid","6.9","39920","4.601190533","116","Coryphaena hippurus","hook and line","51","5","23","pelagic surface","neritic","0.866128798","dolphinfish","60.5","29","Coryphaena hippurus","FMP_115","34814","1918","1918","4","40","210","210","rod and reel","9","A14","Coryphaenidae","Coryphaena","Coryphaena hippurus","Carangiformes","0.114049587","0.082644628","0.380165289","gill tissue","fish gill","surface","Thunniform","crusier sprinter","60.5","3","Coryphaena hippurus"
"northern searobin","gill",Black croaker,"LC","170","15","24","shrimp_ crabs_ crustacean_ squid bivalves_ small fish","5.3","11705","4.068371418","116","Prionotus carolinus","hook and line","22.9","1.9","40.1","sandy bottom","neritic","0.851404216","northern searobin","24.7","65","Prionotus carolinus","FMP_105","1266880","128.3","128.3","not applicable","not applicable","38","38","rod and reel","9","A2","Triglidae","Prionotus","Prionotus carolinus","Perciformes","0.214574899","0.076923077","1.623481781","gill tissue","fish gill","sandy bottom","Cottiform","accelerator","24.7","3","Prionotus carolinus"
"little skate","gill",Black croaker,"NT","329","0","22","bottom dwelling organisms: crab_ shrimp_ polychaetes_ mollusks_ squid_ bony fish","38","13677","4.135990847","465","Amblyraja radiata","hook and line","44.2","1.6","33.4","sandy or gravel bottoms","neritic","0.56861025","little skate","44.2","82","Leucoraja erinacea","FMP_117","7782","491","491","12","not applicable","54","54","rod and reel","9","A20","Rajidae","Leucoraja","Leucoraja erinacea","Rajiformes","0.859728507","0.036199095","0.755656109","gill tissue","fish gill","shipwreck","Rajiform","flow refuging","44.2","3","Leucoraja erinacea"
"bluefish","gill",Black croaker,"VU","200","0","17.2","fish_ crustaceans_ squid","15.7","140","2.146128036","60","Pomatomus saltatrix","hook and line","42","5.2","41.9","rocky beaches, estuaries, shallow cosatl water","neritic","1.007033781","bluefish","46.4","36","Pomatomus saltatrix","FMP_119","75034","1006","1006","9","14.4","130","130","rod and reel","9","A22","Pomatomidae","Pomatomus","Pomatomus saltatrix","Scombriformes","0.338362069","0.112068966","0.903017241","gill tissue","fish gill","rocky bottom","Carangiform","crusier sprinter","46.4","3","Pomatomus saltatrix"
"striped bass","gill",Black croaker,"LC","30","0","3","fishes (alewives_ herring_ smelt_ eels_ flounder_ gunnel_ hake) inverts: squid crab worms_ amphipods_ crustaceans","18.8","3","0.477121255","116","Morone saxatilis","hook and line","54.9","6.6","57.5","bays, rivers,","neritic","0.994081913","striped bass","57.4","29","Morone saxatilis","FMP_120","34816","1880","1880","30","57","200","200","rod and reel","9","A23","Moronidae","Morone","Morone saxatilis","Perciformes","0.327526132","0.114982578","1.00174216","gill tissue","fish gill","muddy bottom","Carangiform","crusier sprinter","57.4","4","Morone saxatilis"
"black seabass","gill",Black croaker,"LC","130","1","30","crab_ shrimp_ small fish_ lobsters","8.5","12920","4.111262514","116","Centropristis striata","hook and line","33.5","4.7","32.5","rocky jetties, shallow water","neritic","0.744618228","black seabass","33.9","51","Centropristis striata","FMP_106","184440","290.09","290.09","20","4.3","66","66","rod and reel","9","A3","Serranidae","Centropristis","Centropristis striata","Perciformes","0.250737463","0.138643068","0.958702065","gill tissue","fish gill","shipwreck","Labriform","generalist","33.9","3","Centropristis striata"
